{
  "total_trades": 25,
  "winning_trades": 11,
  "losing_trades": 14,
  "win_rate_pct": 44.0,
  "profit_factor": 0.2718863998881374,
  "sharpe_ratio": -12.716867034564562,
  "max_drawdown_pct": -4.16219128495859,
  "total_return_pct": -3.830826369792012,
  "avg_win_pct": 0.26320151758450555,
  "avg_loss_pct": -0.7604716880313103,
  "best_trade_pct": 0.6894823242143882,
  "worst_trade_pct": -2.0019800000000045,
  "consecutive_wins": 3,
  "consecutive_losses": 6,
  "equity_final": 9616.917363020799
}